id,pop,lat,lon,year,sex,age,svl,weight,species
AA24187,Gundaroo,-35.3504336,149.3362601,2009,F,,NA,NA,Tympanocryptis lineata
AA24261,Royalla,-35.50498713,149.1887013,2010,M,SA,41,3.41,Tympanocryptis lineata
AA24349,Gundaroo,-35.32740232,149.3313844,2014,M,A,80.3,5.82,Tympanocryptis lineata
AA24350,Tuggeranong,-35.45459777,149.0688446,2014,M,A,61.8,4.56,Tympanocryptis lineata
AA24001,Gundaroo,-35.33321994,149.3330153,2006,NA,J,31,2.83,Tympanocryptis lineata
AA24298,Googong,-35.44220324,149.2297901,2013,UK,J,25.8,3.38,Tympanocryptis lineata
AA24299,Googong,-35.4421175,149.2411223,2013,M,A,72.9,6.49,Tympanocryptis lineata
AA24361,Googong,-35.42429564,149.2240728,2015,U,J,26,3.01,Tympanocryptis lineata
AA24151,Royalla,-35.48432216,149.1800843,2008,J,NA,NA,NA,Tympanocryptis lineata
AA24108,Royalla,-35.5007833,149.1804754,2007,U,NA,NA,NA,Tympanocryptis lineata
AA24109,Royalla,-35.48027813,149.1640179,2007,U,NA,NA,NA,Tympanocryptis lineata
AA24262,Gundaroo,-35.34270303,149.3239127,2010,F,A,53.2,6.25,Tympanocryptis lineata
AA24188,Royalla,-35.49201257,149.1694113,2009,F,,NA,NA,Tympanocryptis lineata
AA24300,Googong,-35.45764368,149.2237149,2013,M,SA,44.1,4.28,Tympanocryptis lineata
AA24002,Gundaroo,-35.34736548,149.3592111,2006,NA,J,37.5,2.67,Tympanocryptis lineata
AA24301,Googong,-35.43211178,149.2270694,2013,UK,SA,46.8,4.35,Tympanocryptis lineata
AA24302,Googong,-35.42367645,149.2473378,2013,UK,SA,41.6,4.15,Tympanocryptis lineata
AA24362,Googong,-35.45303097,149.2302346,2015,U,J,26.4,2.52,Tympanocryptis lineata
AA24152,Royalla,-35.49046135,149.1810469,2008,J,NA,NA,NA,Tympanocryptis lineata
AA24110,Royalla,-35.50084449,149.1735478,2007,U,NA,NA,NA,Tympanocryptis lineata
AA24111,Gundaroo,-35.3190413,149.3376661,2007,U,NA,NA,NA,Tympanocryptis lineata
AA24263,Gundaroo,-35.32103064,149.3280519,2010,M,SA,40.3,3.02,Tympanocryptis lineata
AA24189,Royalla,-35.51019975,149.1608382,2009,J,,NA,NA,Tympanocryptis lineata
AA24003,Gundaroo,-35.32194288,149.3395553,2006,M,SA,44.2,3.93,Tympanocryptis lineata
AA24303,Googong,-35.44187703,149.2296431,2013,UK,J,30.7,3.61,Tympanocryptis lineata
AA24304,Googong,-35.4319398,149.2297639,2013,UK,J,34.5,1.99,Tympanocryptis lineata
AA24363,Googong,-35.44217568,149.2183728,2015,F,A,49.6,5.74,Tympanocryptis lineata
AA24112,Royalla,-35.49707944,149.1544009,2007,U,NA,NA,NA,Tympanocryptis lineata
AA24113,Gundaroo,-35.31562558,149.3369198,2007,F?,NA,NA,NA,Tympanocryptis lineata
AA24264,Gundaroo,-35.32416282,149.3185675,2010,F,SA,46.7,4.01,Tympanocryptis lineata
AA24190,Royalla,-35.49670049,149.1690758,2009,J,,NA,NA,Tympanocryptis lineata
AA24004,Gundaroo,-35.32996864,149.3597086,2006,M,A,51,5.22,Tympanocryptis lineata
AA24305,Googong,-35.44480892,149.2570238,2013,M,J,27,3.85,Tympanocryptis lineata
AA24306,Googong,-35.42889361,149.2385923,2013,M?,SA,43.1,4.49,Tympanocryptis lineata
AA24364,Googong,-35.44548627,149.2368959,2015,U,J,21.2,2.89,Tympanocryptis lineata
AA24153,Royalla,-35.49913597,149.1740268,2008,J,NA,NA,NA,Tympanocryptis lineata
AA24114,Royalla,-35.47144525,149.1829955,2007,U,NA,NA,NA,Tympanocryptis lineata
AA24191,Royalla,-35.50145667,149.1728916,2009,J,,NA,NA,Tympanocryptis lineata
AA24265,Gundaroo,-35.34094766,149.3399914,2010,M,SA,39.6,3.84,Tympanocryptis lineata
AA24192,Royalla,-35.49514355,149.1948573,2009,F,,NA,NA,Tympanocryptis lineata
AA24005,Gundaroo,-35.3359656,149.3441954,2006,F,SA,44.9,3.86,Tympanocryptis lineata
AA24307,Googong,-35.42907574,149.2177344,2013,UK,SA,38.6,3.88,Tympanocryptis lineata
AA24308,Googong,-35.44013971,149.2396099,2013,F?,SA,42.6,4.16,Tympanocryptis lineata
AA24365,Googong,-35.44939761,149.2369416,2015,U,J,35.1,2.75,Tympanocryptis lineata
AA24154,Royalla,-35.51530087,149.1662046,2008,J,NA,NA,NA,Tympanocryptis lineata
AA24115,Royalla,-35.48985856,149.1663826,2007,U,NA,NA,NA,Tympanocryptis lineata
AA24193,Royalla,-35.47543068,149.1867623,2009,M,,NA,NA,Tympanocryptis lineata
AA24266,Gundaroo,-35.29651362,149.3283378,2010,M,A,58.5,6.39,Tympanocryptis lineata
AA24194,Royalla,-35.51162563,149.1971924,2009,J,,NA,NA,Tympanocryptis lineata
AA24351,Googong,-35.44262887,149.2285604,2014,M,A,82.2,5.55,Tympanocryptis lineata
AA24006,Gundaroo,-35.32176554,149.3422616,2006,F,A,49.4,4.51,Tympanocryptis lineata
AA24309,Googong,-35.43152555,149.2228237,2013,UK,J,36.4,2.61,Tympanocryptis lineata
AA24310,Googong,-35.44140762,149.225669,2013,UK,J,25.2,2.58,Tympanocryptis lineata
AA24366,Googong,-35.4489172,149.219434,2015,M,A,67.9,6.45,Tympanocryptis lineata
AA24195,Royalla,-35.49534704,149.1797818,2009,J,,NA,NA,Tympanocryptis lineata
AA24116,Royalla,-35.50955515,149.1808807,2007,U,NA,NA,NA,Tympanocryptis lineata
AA24196,Royalla,-35.49808352,149.1762605,2009,F,,NA,NA,Tympanocryptis lineata
AA24284,Gundaroo,-35.31712152,149.3462634,2011,F,,NA,NA,Tympanocryptis lineata
AA24267,Gundaroo,-35.3251411,149.3539146,2010,F,A,77.2,5.76,Tympanocryptis lineata
AA24311,Royalla,-35.49906008,149.1811448,2013,M,,NA,NA,Tympanocryptis lineata
AA24292,Royalla,-35.51184263,149.1863951,2012,M?,,NA,NA,Tympanocryptis lineata
AA24117,Royalla,-35.50458505,149.163616,2007,M,NA,NA,NA,Tympanocryptis lineata
AA24312,Googong,-35.43019795,149.2285089,2013,UK,J,34.3,3.37,Tympanocryptis lineata
AA24367,Googong,-35.44988402,149.2361689,2015,F,A,68.3,6.03,Tympanocryptis lineata
AA24118,Royalla,-35.50792295,149.187721,2007,U,NA,NA,NA,Tympanocryptis lineata
AA24119,Royalla,-35.48954749,149.1819836,2007,U,NA,NA,NA,Tympanocryptis lineata
AA24197,Royalla,-35.49054483,149.1977175,2009,F,,NA,NA,Tympanocryptis lineata
AA24293,Royalla,-35.49538099,149.1837061,2012,F,A,64.2,5.63,Tympanocryptis lineata
AA24285,Royalla,-35.5089198,149.191652,2011,J,,NA,NA,Tympanocryptis lineata
AA24313,Googong,-35.46265112,149.2402515,2013,M,A,65.4,5.78,Tympanocryptis lineata
AA24294,Royalla,-35.49577915,149.1848414,2012,M?,,NA,NA,Tympanocryptis lineata
AA24387,Googong,-35.43516659,149.2190532,2016,M,A,84.3,4.68,Tympanocryptis lineata
AA24155,Royalla,-35.50623104,149.1804166,2008,J,NA,NA,NA,Tympanocryptis lineata
AA24314,Googong,-35.44384063,149.2252458,2013,UK,SA,41.7,3.81,Tympanocryptis lineata
AA24368,Googong,-35.43615372,149.2188555,2015,U,J,37,2.84,Tympanocryptis lineata
AA24120,Royalla,-35.49962705,149.1773967,2007,U,NA,NA,NA,Tympanocryptis lineata
AA24121,Royalla,-35.54073637,149.173944,2007,U,NA,NA,NA,Tympanocryptis lineata
AA24198,Royalla,-35.49656696,149.1756608,2009,M,,NA,NA,Tympanocryptis lineata
AA24199,Royalla,-35.51343735,149.193949,2009,F,,NA,NA,Tympanocryptis lineata
AA24315,Googong,-35.42653699,149.2203484,2013,UK,J,27.8,2.76,Tympanocryptis lineata
AA24295,Royalla,-35.49406269,149.1864837,2012,M?,,NA,NA,Tympanocryptis lineata
AA24316,Googong,-35.42854666,149.2223337,2013,M,SA,47,4.46,Tympanocryptis lineata
AA24317,Googong,-35.4382324,149.2311727,2013,F,A,57.4,5.02,Tympanocryptis lineata
AA24369,Googong,-35.44805196,149.2418094,2015,U,SA,43.2,3.74,Tympanocryptis lineata
AA24370,Googong,-35.44376671,149.2207469,2015,U,J,25.2,2.8,Tympanocryptis lineata
AA24318,Googong,-35.44360122,149.2307408,2013,M,A,60.1,5.33,Tympanocryptis lineata
AA24388,Googong,-35.42202096,149.2099796,2016,u,SA,38.6,3.49,Tympanocryptis lineata
AA24319,Googong,-35.43591544,149.2073194,2013,M,SA,44.9,3.24,Tympanocryptis lineata
AA24371,Googong,-35.42901222,149.219774,2015,M,SA,40,3.91,Tympanocryptis lineata
AA24320,Googong,-35.42083244,149.2250931,2013,F,A,56.7,5.61,Tympanocryptis lineata
AA24321,Royalla,-35.49331811,149.2024752,2013,F,A,64.5,6.08,Tympanocryptis lineata
AA24372,Googong,-35.42339502,149.2339421,2015,F,SA,39.4,3.52,Tympanocryptis lineata
AA24373,Googong,-35.44219623,149.2468027,2015,U,J,27.2,2.21,Tympanocryptis lineata
AA24322,Googong,-35.43677936,149.2343287,2013,F,A,63.1,5.37,Tympanocryptis lineata
AA24374,Googong,-35.43999361,149.2319852,2015,U,J,33.1,3.82,Tympanocryptis lineata
AA24375,Googong,-35.43957552,149.2320159,2015,F,SA,46.7,4.34,Tympanocryptis lineata
AA24323,Googong,-35.42495365,149.2346289,2013,F,A,75.8,5.23,Tympanocryptis lineata
AA24324,Googong,-35.44559842,149.2318545,2013,F,A,73.6,5.36,Tympanocryptis lineata
AA24376,Googong,-35.44907561,149.2187772,2015,F,A,73.5,5.42,Tympanocryptis lineata
AA24377,Googong,-35.43222474,149.2335061,2015,M,A,83,5.47,Tympanocryptis lineata
AA24325,Googong,-35.43699352,149.2336093,2013,M,A,58.7,5.57,Tympanocryptis lineata
AA24326,Googong,-35.44404757,149.2278925,2013,M,SA,39.7,2.8,Tympanocryptis lineata
AA24327,Googong,-35.45437114,149.2390017,2013,M,A,65,5.57,Tympanocryptis lineata
AA24378,Googong,-35.44411596,149.2418658,2015,M,SA,38.7,3.27,Tympanocryptis lineata
AA24328,Googong,-35.46113443,149.2330883,2013,F,A,49.8,4.63,Tympanocryptis lineata
AA24352,Royalla,-35.52187313,149.198393,2014,F,A,50.1,4.8,Tympanocryptis lineata
AA24379,Googong,-35.44816824,149.2263638,2015,U,J,23.1,2.89,Tympanocryptis lineata
AA24353,Googong,-35.4371851,149.2237949,2014,u,J,29.6,1.87,Tympanocryptis lineata
AA24380,Googong,-35.44046343,149.2391598,2015,F,J,37.3,2.4,Tympanocryptis lineata
AA24617,Unknown,NA,NA,unknown,NA,NA,NA,NA,Tympanocryptis lineata
AA24381,Googong,-35.44793722,149.2399967,2015,U,J,37.5,2.84,Tympanocryptis lineata
AA24389,Gundaroo,-35.3233474,149.3395595,2016,M,A,70.7,6.29,Tympanocryptis lineata
AA24390,Googong,-35.44475515,149.2267673,2016,M,A,60.5,5.54,Tympanocryptis lineata
AA24391,Googong,-35.43887036,149.2336765,2016,u,J,26.2,3.81,Tympanocryptis lineata
AA24392,Googong,-35.44615399,149.2218793,2016,u,J,35.3,2.54,Tympanocryptis lineata
AA24382,Googong,-35.44112256,149.2337835,2015,F,SA,41.3,3.93,Tympanocryptis lineata
AA24393,Gundaroo,-35.33775425,149.3360453,2016,M,A,65.5,6.44,Tympanocryptis lineata
AA24394,Googong,-35.43862642,149.2446916,2016,M,A,50.3,4.88,Tympanocryptis lineata
AA24395,Googong,-35.4434417,149.2371527,2016,M,SA,47,3.83,Tympanocryptis lineata
AA24396,Googong,-35.44641224,149.2308715,2016,M,J,22.1,3.12,Tympanocryptis lineata
AA24383,Googong,-35.44372435,149.2089647,2015,U,SA,43.9,4.07,Tympanocryptis lineata
AA24397,Googong,-35.4374958,149.2526919,2016,M,J,23.4,2.5,Tympanocryptis lineata
AA24398,Googong,-35.45199845,149.2191053,2016,F,SA,42,3.5,Tympanocryptis lineata
AA24399,Googong,-35.45063984,149.2366285,2016,u,SA,46.8,3.79,Tympanocryptis lineata
AA24400,Gundaroo,-35.32112658,149.3432384,2016,F,SA,47.9,3.71,Tympanocryptis lineata
AA24384,Googong,-35.439734,149.2251386,2015,F,A,71.9,4.63,Tympanocryptis lineata
AA24401,Googong,-35.43806024,149.2426051,2016,M,A,49.7,6.41,Tympanocryptis lineata
AA24402,Googong,-35.42918195,149.2454711,2016,u,SA,44.7,4.12,Tympanocryptis lineata
AA24403,Googong,-35.44070034,149.2409478,2016,F,A,56.9,6.16,Tympanocryptis lineata
AA24404,Googong,-35.44678511,149.235386,2016,M,A,75.9,5.67,Tympanocryptis lineata
AA24385,Googong,-35.44870501,149.2329763,2015,U,J,32.3,2.47,Tympanocryptis lineata
AA24405,Googong,-35.42367286,149.2395289,2016,M,SA,41.2,3.87,Tympanocryptis lineata
AA24406,Googong,-35.44209578,149.2355151,2016,F,SA,38.3,3.79,Tympanocryptis lineata
AA24407,Gundaroo,-35.3250717,149.3207169,2016,F,SA,45.3,3.76,Tympanocryptis lineata
AA24408,Googong,-35.45214977,149.2336339,2016,M,SA,44,3.69,Tympanocryptis lineata
AA24386,Googong,-35.43519251,149.2343091,2015,U,J,26.6,2.88,Tympanocryptis lineata
AA24409,Googong,-35.44632029,149.2438044,2016,u,SA,43.3,3.91,Tympanocryptis lineata
AA24410,Gundaroo,-35.31751083,149.3432055,2016,M,SA,46.2,3.97,Tympanocryptis lineata
AA24411,Googong,-35.43664905,149.2352159,2016,u,J,24.1,4.04,Tympanocryptis lineata
AA24412,Googong,-35.44577542,149.2467169,2016,M,J,25.9,2.86,Tympanocryptis lineata
AA24413,Tuggeranong,-35.44198278,149.0448431,2016,F,A,74.1,5.43,Tympanocryptis lineata
AA24414,Googong,-35.432219,149.2230176,2016,u,SA,45.5,4.2,Tympanocryptis lineata
AA24415,Googong,-35.4306553,149.2338572,2016,u,J,26,2.2,Tympanocryptis lineata
AA24416,Googong,-35.44695054,149.2254158,2016,u,J,30.2,3.1,Tympanocryptis lineata
AA24417,Royalla,-35.49924085,149.180258,2016,,SA,42.8,4.42,Tympanocryptis lineata
AA24418,Gundaroo,-35.32508481,149.3404446,2016,F,A,63.4,5.7,Tympanocryptis lineata
AA24419,Googong,-35.43492115,149.2481751,2016,u,SA,42.4,4.35,Tympanocryptis lineata
AA24420,Googong,-35.44569987,149.2394159,2016,u,J,28.8,2.6,Tympanocryptis lineata
AA24421,Googong,-35.45963886,149.2250527,2016,M,SA,46.2,4.64,Tympanocryptis lineata
AA24422,Royalla,-35.50637633,149.1653796,2016,,A,65.3,5.64,Tympanocryptis lineata
AA24329,Googong,-35.44952712,149.2288651,2013,M,A,53,5.23,Tympanocryptis lineata
AA24423,Gundaroo,-35.3221917,149.3286242,2016,u,SA,45.3,4.15,Tympanocryptis lineata
AA24424,Gundaroo,-35.33893459,149.3488367,2016,u,SA,39.6,3.67,Tympanocryptis lineata
AA24508,Royalla,-35.51861593,149.1748167,2018,NA,J,35.4,2.47,Tympanocryptis lineata
AA24558,Googong,-35.42985577,149.2398182,2020,M?,A,74.1,6.36,Tympanocryptis lineata
AA24007,Tuggeranong,-35.4384655,149.0219165,2006,U,J,37.2,3.95,Tympanocryptis lineata
AA24008,Tuggeranong,-35.44773804,149.0540777,2006,U,J,22.4,3.51,Tympanocryptis lineata
AA24330,Gundaroo,-35.33155118,149.3560535,2013,M,SA,46.3,4.37,Tympanocryptis lineata
AA24331,Gundaroo,-35.34937783,149.3351339,2013,U,J,29,3.58,Tympanocryptis lineata
AA24009,Tuggeranong,-35.45624599,149.0377584,2006,F,SA,39.2,3.39,Tympanocryptis lineata
AA24332,Gundaroo,-35.31415501,149.3264578,2013,M,SA,46.9,4.07,Tympanocryptis lineata
AA24354,Tuggeranong,-35.4359034,149.0448634,2014,M,A,79.7,6.07,Tympanocryptis lineata
AA24333,Royalla,-35.49398301,149.1837589,2013,M,A,61.6,5.5,Tympanocryptis lineata
AA24425,Royalla,-35.5077069,149.1828256,2016,M,A,67.1,4.83,Tympanocryptis lineata
AA24426,Royalla,-35.50771656,149.1818582,2016,,,NA,NA,Tympanocryptis lineata
AA24010,Tuggeranong,-35.44022111,149.0526709,2006,M,A,63.2,5.32,Tympanocryptis lineata
AA24200,Tuggeranong,-35.42785769,149.0379819,2009,M,SA,42.3,4.43,Tympanocryptis lineata
AA24156,Tuggeranong,-35.43776839,149.0214776,2008,M,SA,40.7,4.73,Tympanocryptis lineata
AA24201,Tuggeranong,-35.45328507,149.0650391,2009,M,A,82.8,5.56,Tympanocryptis lineata
AA24011,Royalla,-35.51015781,149.1638915,2006,U,NA,NA,NA,Tympanocryptis lineata
AA24268,Tuggeranong,-35.42815445,149.0476866,2010,M,,NA,NA,Tympanocryptis lineata
AA24012,Tuggeranong,-35.4464476,149.0534499,2006,M,A,73.3,5.38,Tympanocryptis lineata
AA24334,Gundaroo,-35.31825699,149.3368621,2013,U,J,27.4,3.14,Tympanocryptis lineata
AA24335,Royalla,-35.49398489,149.1812039,2013,u,,NA,NA,Tympanocryptis lineata
AA24336,Royalla,-35.49761499,149.1840561,2013,M,A,79.7,4.95,Tympanocryptis lineata
AA24427,Royalla,-35.51600991,149.1975853,2016,,,NA,NA,Tympanocryptis lineata
AA24428,Royalla,-35.5035517,149.200059,2016,,SA,42.5,3.17,Tympanocryptis lineata
AA24013,Tuggeranong,-35.43937065,149.0528141,2006,M,A,75.1,4.88,Tympanocryptis lineata
AA24202,Tuggeranong,-35.45064592,149.043168,2009,M,A,74.3,5.56,Tympanocryptis lineata
AA24157,Tuggeranong,-35.43774765,149.049278,2008,J,SA,39.8,3.1,Tympanocryptis lineata
AA24203,Tuggeranong,-35.43719221,149.0311749,2009,F,SA,39.5,4.17,Tympanocryptis lineata
AA24014,Royalla,-35.51704812,149.1600047,2006,F?,NA,NA,NA,Tympanocryptis lineata
AA24269,Tuggeranong,-35.42704261,149.0563509,2010,M,,NA,NA,Tympanocryptis lineata
AA24015,Tuggeranong,-35.44062356,149.0576482,2006,M,SA,47.1,4.04,Tympanocryptis lineata
AA24337,Gundaroo,-35.32470184,149.3341488,2013,U,J,29.4,2.64,Tympanocryptis lineata
AA24338,Royalla,-35.49829846,149.1993963,2013,F,U,NA,NA,Tympanocryptis lineata
AA24339,Royalla,-35.5123259,149.1757828,2013,M,A,67.4,6.07,Tympanocryptis lineata
AA24429,Royalla,-35.51044029,149.1859006,2016,,A,75.7,5.96,Tympanocryptis lineata
AA24430,Royalla,-35.48909902,149.1767748,2016,,SA,43.4,4.49,Tympanocryptis lineata
AA24431,Gundaroo,-35.33041197,149.3351209,2016,M,A,52.7,6.38,Tympanocryptis lineata
AA24204,Tuggeranong,-35.44590425,149.0404607,2009,F,A,63.2,5.97,Tympanocryptis lineata
AA24158,Tuggeranong,-35.42664568,149.0472919,2008,M?,SA,41.9,3.56,Tympanocryptis lineata
AA24432,Gundaroo,-35.32491617,149.3324386,2016,M,A,79.1,5.65,Tympanocryptis lineata
AA24016,Royalla,-35.51161455,149.1811385,2006,F?,NA,NA,NA,Tympanocryptis lineata
AA24270,Tuggeranong,-35.43029108,149.0191246,2010,M,,NA,NA,Tympanocryptis lineata
AA24433,Royalla,-35.51964274,149.1608112,2016,,A,48.9,5.85,Tympanocryptis lineata
AA24340,Gundaroo,-35.32460587,149.3539374,2013,U,J,34.2,2.37,Tympanocryptis lineata
AA24355,Tuggeranong,-35.43525074,149.0320634,2014,U,SA,40.8,4.61,Tympanocryptis lineata
AA24434,Gundaroo,-35.3254697,149.3352842,2016,M,A,82.8,5.25,Tympanocryptis lineata
AA24435,Royalla,-35.5027029,149.1838706,2016,,J,28,3.12,Tympanocryptis lineata
AA24436,Royalla,-35.49510601,149.1777795,2016,,J,37.3,1.94,Tympanocryptis lineata
AA24122,Tuggeranong,-35.45647982,149.0556475,2007,M,A,48.2,6.31,Tympanocryptis lineata
AA24159,Tuggeranong,-35.42645633,149.048873,2008,J,J,33.8,3.78,Tympanocryptis lineata
AA24160,Tuggeranong,-35.44269546,149.0453295,2008,J,SA,45.5,4.47,Tympanocryptis lineata
AA24017,Royalla,-35.49535276,149.1812118,2006,M?,NA,NA,NA,Tympanocryptis lineata
AA24018,Royalla,-35.52090789,149.1928949,2006,F?,NA,NA,NA,Tympanocryptis lineata
AA24286,Royalla,-35.49734068,149.1803535,2011,M,A,56.6,5.32,Tympanocryptis lineata
AA24437,Royalla,-35.51287684,149.1827019,2016,,J,36.8,3.3,Tympanocryptis lineata
AA24356,Royalla,-35.51042568,149.1861436,2014,u,J,34.5,2.98,Tympanocryptis lineata
AA24341,Royalla,-35.49705597,149.1955535,2013,M,A,55.2,4.92,Tympanocryptis lineata
AA24438,Tuggeranong,-35.45546494,149.0595785,2016,M,A,57.6,5.26,Tympanocryptis lineata
AA24439,Royalla,-35.49468961,149.1772414,2016,F,SA,39.2,4.64,Tympanocryptis lineata
AA24501,Gundaroo,-35.3345856,149.3399363,2017,U,J,20.2,2.34,Tympanocryptis lineata
AA24123,Gundaroo,-35.30739157,149.3272352,2007,F,A,78.5,5.56,Tympanocryptis lineata
AA24161,Tuggeranong,-35.44813745,149.0431518,2008,J,J,31.7,3.67,Tympanocryptis lineata
AA24205,Tuggeranong,-35.45611374,149.0356956,2009,J,J,30.7,3.48,Tympanocryptis lineata
AA24019,Royalla,-35.48894391,149.1725413,2006,U,NA,NA,NA,Tympanocryptis lineata
AA24206,Gundaroo,-35.31537831,149.3301252,2009,M,A,73.4,5.37,Tympanocryptis lineata
AA24287,Gundaroo,-35.32323755,149.3510814,2011,F?,SA,44,3.93,Tympanocryptis lineata
AA24440,Royalla,-35.50825088,149.1850971,2016,M,SA,38.9,3.41,Tympanocryptis lineata
AA24357,Tuggeranong,-35.44666937,149.0305682,2014,U,J,20.7,4.05,Tympanocryptis lineata
AA24342,Royalla,-35.50563273,149.175414,2013,M,A,56.4,5.2,Tympanocryptis lineata
AA24441,Royalla,-35.48905018,149.1863333,2016,U,J,30.6,2.28,Tympanocryptis lineata
AA24442,Royalla,-35.49988181,149.1596209,2016,,SA,41.5,3.74,Tympanocryptis lineata
AA24502,Gundaroo,-35.32386633,149.3585951,2017,U,J,20.3,2.5,Tympanocryptis lineata
AA24124,Tuggeranong,-35.4447281,149.0352417,2007,M,A,63.8,5.06,Tympanocryptis lineata
AA24162,Tuggeranong,-35.46667873,149.031725,2008,J,J,35.5,3.03,Tympanocryptis lineata
AA24207,Tuggeranong,-35.44165228,149.0525714,2009,J,J,25.5,2.85,Tympanocryptis lineata
AA24020,Royalla,-35.51396707,149.1425633,2006,F?,NA,NA,NA,Tympanocryptis lineata
AA24271,Royalla,-35.50207296,149.1583994,2010,J,J,24.2,2.98,Tympanocryptis lineata
AA24288,Royalla,-35.51602397,149.1828678,2011,M,J,27.4,1.94,Tympanocryptis lineata
AA24443,Royalla,-35.50424232,149.1749032,2016,F,SA,44.4,4.52,Tympanocryptis lineata
AA24358,Tuggeranong,-35.44460246,149.0588543,2014,U,J,33.3,3.32,Tympanocryptis lineata
AA24359,Royalla,-35.4916797,149.1822838,2014,u,J,21.4,2.29,Tympanocryptis lineata
AA24444,Royalla,-35.51642439,149.1799962,2016,,SA,46.9,3.83,Tympanocryptis lineata
AA24503,Gundaroo,-35.33863348,149.3472889,2017,U,J,29.9,3.44,Tympanocryptis lineata
AA24125,Tuggeranong,-35.4296723,149.0572521,2007,J,J,26.5,3.03,Tympanocryptis lineata
AA24163,Tuggeranong,-35.44913492,149.0372264,2008,M,A,72.9,5.8,Tympanocryptis lineata
AA24208,Tuggeranong,-35.43647206,149.0537584,2009,J,SA,40.6,4.62,Tympanocryptis lineata
AA24021,Royalla,-35.50330099,149.1839528,2006,F?,NA,NA,NA,Tympanocryptis lineata
AA24272,Royalla,-35.4771667,149.1715955,2010,J,J,24.5,3.06,Tympanocryptis lineata
AA24296,Royalla,-35.49696472,149.1719976,2012,U,,NA,NA,Tympanocryptis lineata
AA24445,Royalla,-35.5052905,149.1850916,2016,U,SA,39.3,4.45,Tympanocryptis lineata
AA24360,Tuggeranong,-35.42475695,149.0303162,2014,F,A,52.6,5.62,Tympanocryptis lineata
AA24343,Royalla,-35.50034597,149.1823464,2013,u,J,31.3,3.27,Tympanocryptis lineata
AA24446,Royalla,-35.49558805,149.180469,2016,,SA,41.2,3.95,Tympanocryptis lineata
AA24504,Tuggeranong,-35.43996647,149.0420773,2017,F,A,75,5.56,Tympanocryptis lineata
AA24126,Tuggeranong,-35.42040656,149.036526,2007,M,SA,42.5,4,Tympanocryptis lineata
AA24164,Tuggeranong,-35.45133442,149.0435031,2008,M,SA,45.7,4.31,Tympanocryptis lineata
AA24209,Tuggeranong,-35.43553532,149.0325565,2009,M,A,59.2,5.53,Tympanocryptis lineata
AA24022,Royalla,-35.50140579,149.1872958,2006,M?,NA,NA,NA,Tympanocryptis lineata
AA24273,Tuggeranong,-35.44617108,149.0400435,2010,J,,NA,NA,Tympanocryptis lineata
AA24289,Royalla,-35.51762443,149.1740684,2011,J,J,23.2,3.01,Tympanocryptis lineata
AA24509,Gundaroo,-35.31790909,149.3217311,2018,U,J,26.7,3.4,Tympanocryptis lineata
AA24510,Royalla,-35.50053515,149.17153,2018,,SA,47.4,4.6,Tympanocryptis lineata
AA24559,Googong,-35.43146661,149.2221085,2020,M,A,49.5,5.36,Tympanocryptis lineata
AA24511,Gundaroo,-35.3316085,149.3223137,2018,U,A,61.3,6.34,Tympanocryptis lineata
AA24512,Googong,-35.45569433,149.2358642,2018,,SA,47.1,4.83,Tympanocryptis lineata
AA24513,Royalla,-35.50006391,149.1808396,2018,,SA,47.5,4.37,Tympanocryptis lineata
AA24447,Gundaroo,-35.32566126,149.3479016,2016,u,SA,42.6,4.96,Tympanocryptis lineata
AA24560,Royalla,-35.52834802,149.1846702,2020,M,A,54,6.15,Tympanocryptis lineata
AA24448,Gundaroo,-35.32291635,149.3662963,2016,u,J,21.3,2.42,Tympanocryptis lineata
AA24514,Royalla,-35.47595375,149.173253,2018,,A,70.7,4.68,Tympanocryptis lineata
AA24561,Royalla,-35.4997826,149.1795454,2020,F?,SA,41.3,3.69,Tympanocryptis lineata
AA24449,Gundaroo,-35.32223215,149.3426808,2016,u,SA,44.5,3.36,Tympanocryptis lineata
AA24515,Gundaroo,-35.30173293,149.3557485,2018,U,SA,40.5,4.31,Tympanocryptis lineata
AA24562,Googong,-35.43833463,149.2249959,2020,M,A,73.2,4.93,Tympanocryptis lineata
AA24563,Googong,-35.42634063,149.2186347,2020,M,SA,47.5,4.08,Tympanocryptis lineata
AA24165,Tuggeranong,-35.43921693,149.0387228,2008,J,J,21,3.14,Tympanocryptis lineata
AA24210,Tuggeranong,-35.43731966,149.0442364,2009,J,J,37.8,1.94,Tympanocryptis lineata
AA24450,Gundaroo,-35.33161228,149.3376592,2016,F,A,78,5.82,Tympanocryptis lineata
AA24166,Tuggeranong,-35.44069759,149.0449541,2008,J,J,31,3.66,Tympanocryptis lineata
AA24451,Gundaroo,-35.31850453,149.3374011,2016,M,A,65.8,5.51,Tympanocryptis lineata
AA24127,Tuggeranong,-35.44497854,149.0298674,2007,M,SA,42.5,4.41,Tympanocryptis lineata
AA24167,Gundaroo,-35.31251584,149.3497678,2008,NA,J,24.2,3.25,Tympanocryptis lineata
AA24564,Googong,-35.43157289,149.2205538,2020,M,A,84.4,5.79,Tympanocryptis lineata
AA24211,Tuggeranong,-35.42468439,149.0269032,2009,M,SA,44.7,3.61,Tympanocryptis lineata
AA24023,Tuggeranong,-35.44582571,149.0505021,2006,M,SA,43.9,4.29,Tympanocryptis lineata
AA24274,Gundaroo,-35.31592391,149.3238657,2010,M?,SA,46.4,3.9,Tympanocryptis lineata
AA24024,Tuggeranong,-35.4607348,149.0271759,2006,M,A,56.4,5.25,Tympanocryptis lineata
AA24452,Gundaroo,-35.33018336,149.3435576,2016,M,A,66.6,4.53,Tympanocryptis lineata
AA24344,Gundaroo,-35.33679701,149.3337605,2013,M,J,25.7,3.59,Tympanocryptis lineata
AA24168,Tuggeranong,-35.44071696,149.0531795,2008,J,SA,44.4,4,Tympanocryptis lineata
AA24128,Tuggeranong,-35.44934411,149.0279543,2007,J,J,27.6,3.22,Tympanocryptis lineata
AA24169,Tuggeranong,-35.45187736,149.0472942,2008,J,J,20.5,2.47,Tympanocryptis lineata
AA24170,Tuggeranong,-35.45414883,149.0412518,2008,J,J,28.1,2.37,Tympanocryptis lineata
AA24129,Gundaroo,-35.31989645,149.3327352,2007,M,A,64.5,6.68,Tympanocryptis lineata
AA24171,Tuggeranong,-35.453577,149.0462391,2008,F,A,62.1,4.78,Tympanocryptis lineata
AA24212,Gundaroo,-35.3437592,149.3382959,2009,M,SA,38.6,3.54,Tympanocryptis lineata
AA24453,Gundaroo,-35.31569795,149.3421644,2016,M,SA,43.4,3.86,Tympanocryptis lineata
AA24454,Gundaroo,-35.30503811,149.3303837,2016,u,J,29.4,2.87,Tympanocryptis lineata
AA24213,Gundaroo,-35.34454784,149.3300624,2009,M,NA,NA,NA,Tympanocryptis lineata
AA24275,Gundaroo,-35.33164687,149.336297,2010,NA,J,35.9,2.43,Tympanocryptis lineata
AA24455,Gundaroo,-35.33228916,149.3401812,2016,u,J,32,3.72,Tympanocryptis lineata
AA24172,Tuggeranong,-35.43709741,149.0432201,2008,J,J,34.2,2.9,Tympanocryptis lineata
AA24276,Tuggeranong,-35.43011532,149.0462476,2010,J,,NA,NA,Tympanocryptis lineata
AA24214,Tuggeranong,-35.45893484,149.0456257,2009,J,J,20.1,2.73,Tympanocryptis lineata
AA24173,Tuggeranong,-35.42967501,149.0365011,2008,J,J,26.5,3.31,Tympanocryptis lineata
AA24565,Googong,-35.45204142,149.2319513,2020,M?,SA,42.9,4.58,Tympanocryptis lineata
AA24174,Tuggeranong,-35.44829657,149.0552871,2008,J,J,22.3,3.42,Tympanocryptis lineata
AA24175,Gundaroo,-35.3406452,149.3380989,2008,NA,J,23.9,3.3,Tympanocryptis lineata
AA24215,Gundaroo,-35.31847789,149.3284409,2009,F,SA,40.2,3.81,Tympanocryptis lineata
AA24025,Tuggeranong,-35.43505764,149.0625219,2006,M,A,59,5.18,Tympanocryptis lineata
AA24130,Tuggeranong,-35.45056652,149.0546822,2007,J,SA,39.6,4.07,Tympanocryptis lineata
AA24216,Gundaroo,-35.31511006,149.34395,2009,M,SA,40.5,4.19,Tympanocryptis lineata
AA24217,Gundaroo,-35.32590639,149.3398339,2009,M,SA,43.9,4.33,Tympanocryptis lineata
AA24176,Tuggeranong,-35.42422915,149.0456887,2008,J,J,22.8,3.09,Tympanocryptis lineata
AA24218,Tuggeranong,-35.4474273,149.0409513,2009,M,A,75,4.86,Tympanocryptis lineata
AA24026,Tuggeranong,-35.46389465,149.0127164,2006,M,SA,38.1,3.72,Tympanocryptis lineata
AA24456,Gundaroo,-35.33316009,149.358514,2016,F,A,67,5.03,Tympanocryptis lineata
AA24219,Tuggeranong,-35.42615434,149.0421896,2009,M,A,70.3,6.02,Tympanocryptis lineata
AA24177,Tuggeranong,-35.44715342,149.0372943,2008,J,SA,45.6,3.77,Tympanocryptis lineata
AA24220,Gundaroo,-35.3305701,149.325026,2009,M,A,63.3,5.94,Tympanocryptis lineata
AA24345,Gundaroo,-35.31644783,149.3461124,2013,M,SA,39.5,3.27,Tympanocryptis lineata
AA24131,Tuggeranong,-35.45142436,149.0560439,2007,J,J,25.9,2.5,Tympanocryptis lineata
AA24566,Googong,-35.44173205,149.2404787,2020,F,A,71.3,4.7,Tympanocryptis lineata
AA24178,Tuggeranong,-35.45590785,149.0598652,2008,M,SA,45.7,4.65,Tympanocryptis lineata
AA24277,Gundaroo,-35.32876003,149.3405454,2010,NA,J,32.8,3.2,Tympanocryptis lineata
AA24516,Googong,-35.43149588,149.2282854,2018,,A,63.1,5.55,Tympanocryptis lineata
AA24179,Tuggeranong,-35.45233417,149.0297239,2008,F,SA,45.3,4.04,Tympanocryptis lineata
AA24027,Tuggeranong,-35.45322371,149.031056,2006,M,A,61.7,5.62,Tympanocryptis lineata
AA24517,Googong,-35.41485637,149.2295074,2018,,SA,41.4,4.42,Tympanocryptis lineata
AA24457,Gundaroo,-35.33693791,149.3360526,2016,M,A,80.3,5.84,Tympanocryptis lineata
AA24221,Gundaroo,-35.34245512,149.3402786,2009,F,A,77.9,5.21,Tympanocryptis lineata
AA24458,Gundaroo,-35.32083221,149.3455869,2016,u,J,26,2.34,Tympanocryptis lineata
AA24028,Tuggeranong,-35.4461049,149.052775,2006,F?,SA,43.6,4.26,Tympanocryptis lineata
AA24029,Tuggeranong,-35.44001824,149.0505149,2006,F?,SA,39.4,3.54,Tympanocryptis lineata
AA24030,Tuggeranong,-35.44568375,149.0478105,2006,F?,A,51.9,5.48,Tympanocryptis lineata
AA24180,Tuggeranong,-35.45167835,149.0533909,2008,J,J,34.1,3.55,Tympanocryptis lineata
AA24459,Tuggeranong,-35.43571075,149.0437311,2016,M,A,70.6,5.59,Tympanocryptis lineata
AA24222,Gundaroo,-35.31223897,149.3556945,2009,J,J,25.7,2.56,Tympanocryptis lineata
AA24518,Googong,-35.44760433,149.2334327,2018,M,SA,44.2,4.06,Tympanocryptis lineata
AA24031,Tuggeranong,-35.44267043,149.0382384,2006,F?,A,53.9,6.03,Tympanocryptis lineata
AA24032,Tuggeranong,-35.44367509,149.0170161,2006,F?,A,63.5,6.17,Tympanocryptis lineata
AA24567,Googong,-35.44496084,149.2378224,2020,F,SA,44.7,3.58,Tympanocryptis lineata
AA24460,Gundaroo,-35.32425057,149.3500609,2016,u,SA,39.8,4.54,Tympanocryptis lineata
AA24278,Tuggeranong,-35.44026677,149.0472384,2010,M,,NA,NA,Tympanocryptis lineata
AA24132,Tuggeranong,-35.42472156,149.0534576,2007,M,A,55.1,4.49,Tympanocryptis lineata
AA24033,Tuggeranong,-35.43124017,149.0417774,2006,M,SA,44.3,4.39,Tympanocryptis lineata
AA24133,Gundaroo,-35.33451612,149.3510684,2007,F,A,65,5.06,Tympanocryptis lineata
AA24034,Tuggeranong,-35.44648004,149.052689,2006,M,A,74.8,5.62,Tympanocryptis lineata
AA24223,Tuggeranong,-35.43481308,149.0546841,2009,M,A,64.3,6.12,Tympanocryptis lineata
AA24461,Gundaroo,-35.32363377,149.3549516,2016,M,A,50.8,5.95,Tympanocryptis lineata
AA24224,Gundaroo,-35.32060385,149.3548626,2009,J,J,30.5,2.36,Tympanocryptis lineata
AA24462,Tuggeranong,-35.44189061,149.0525065,2016,M,A,70.1,5.36,Tympanocryptis lineata
AA24346,Gundaroo,-35.31026653,149.3510766,2013,M,SA,46.8,4.67,Tympanocryptis lineata
AA24347,Gundaroo,-35.33942874,149.3435004,2013,U,J,25.3,2.88,Tympanocryptis lineata
AA24225,Tuggeranong,-35.43965565,149.0412254,2009,J,J,33.4,3.4,Tympanocryptis lineata
AA24226,Gundaroo,-35.33127335,149.3301488,2009,F,A,79.5,5.9,Tympanocryptis lineata
AA24227,Tuggeranong,-35.45359192,149.0554018,2009,J,J,22.3,3.7,Tympanocryptis lineata
AA24463,Gundaroo,-35.3402818,149.3274799,2016,M,A,68.9,5.05,Tympanocryptis lineata
AA24568,Googong,-35.43626542,149.2243289,2020,,SA,41.8,4.52,Tympanocryptis lineata
AA24228,Tuggeranong,-35.43172547,149.0214163,2009,M,A,51.4,6.25,Tympanocryptis lineata
AA24181,Tuggeranong,-35.43053616,149.0489235,2008,M,SA,44.1,3.3,Tympanocryptis lineata
AA24279,Tuggeranong,-35.44867142,149.0326802,2010,M,,NA,NA,Tympanocryptis lineata
AA24229,Tuggeranong,-35.44541283,149.0515164,2009,F,SA,46,4.43,Tympanocryptis lineata
AA24464,Gundaroo,-35.3167588,149.3374943,2016,u,J,28.1,3.36,Tympanocryptis lineata
AA24465,Gundaroo,-35.32502259,149.3261218,2016,u,J,37.3,2.84,Tympanocryptis lineata
AA24230,Tuggeranong,-35.44982237,149.0463338,2009,M,SA,42.6,3.66,Tympanocryptis lineata
AA24466,Gundaroo,-35.32612727,149.3305873,2016,u,J,32.3,2.9,Tympanocryptis lineata
AA24035,Tuggeranong,-35.42746818,149.0291397,2006,M,SA,39.4,3.46,Tympanocryptis lineata
AA24231,Tuggeranong,-35.43708834,149.0274782,2009,F,A,71.1,6.29,Tympanocryptis lineata
AA24348,Gundaroo,-35.34289512,149.3393756,2013,U,J,20.1,2.36,Tympanocryptis lineata
AA24290,Tuggeranong,-35.43542082,149.0680122,2011,J,,NA,NA,Tympanocryptis lineata
AA24036,Tuggeranong,-35.43542975,149.0489261,2006,M,SA,41.2,4.45,Tympanocryptis lineata
AA24519,Googong,-35.44365888,149.2293918,2018,,J,37.1,3.28,Tympanocryptis lineata
AA24037,Tuggeranong,-35.44827597,149.0354243,2006,M?,SA,44.6,3.98,Tympanocryptis lineata
AA24467,Gundaroo,-35.3284478,149.3459704,2016,u,J,24.2,3.25,Tympanocryptis lineata
AA24038,Tuggeranong,-35.43279688,149.0488423,2006,F?,A,59.6,6.29,Tympanocryptis lineata
AA24134,Tuggeranong,-35.46037704,149.0467792,2007,M,A,82.9,6.07,Tympanocryptis lineata
AA24135,Tuggeranong,-35.44258058,149.0583554,2007,M,A,60.3,4.91,Tympanocryptis lineata
AA24136,Tuggeranong,-35.43240047,149.0454676,2007,F,SA,46,4.24,Tympanocryptis lineata
AA24039,Tuggeranong,-35.45626203,149.038901,2006,F?,A,81.7,5.1,Tympanocryptis lineata
AA24468,Gundaroo,-35.31243745,149.3355487,2016,u,J,21.8,2.25,Tympanocryptis lineata
AA24232,Gundaroo,-35.32088994,149.3589268,2009,F,A,76.4,5.24,Tympanocryptis lineata
AA24040,Tuggeranong,-35.43109707,149.0443563,2006,M,A,77.9,5.37,Tympanocryptis lineata
AA24041,Tuggeranong,-35.44470602,149.051829,2006,F,A,52.7,5.8,Tympanocryptis lineata
AA24042,Tuggeranong,-35.46399882,149.0410947,2006,F,SA,46.2,3.93,Tympanocryptis lineata
AA24569,Googong,-35.41877761,149.2277585,2020,M,A,83.2,5.47,Tympanocryptis lineata
AA24043,Tuggeranong,-35.42968555,149.0457879,2006,F,A,83,5.88,Tympanocryptis lineata
AA24137,Tuggeranong,-35.43751929,149.0381113,2007,J,J,37.3,3.24,Tympanocryptis lineata
AA24138,Tuggeranong,-35.43641798,149.0438263,2007,J,J,21.2,3.37,Tympanocryptis lineata
AA24233,Tuggeranong,-35.44603374,149.016879,2009,F,A,79.5,6.72,Tympanocryptis lineata
AA24044,Tuggeranong,-35.44333148,149.0259517,2006,F,A,50.2,5.64,Tympanocryptis lineata
AA24469,Gundaroo,-35.33087075,149.3368582,2016,u,J,32.3,2.47,Tympanocryptis lineata
AA24470,Gundaroo,-35.32427215,149.3432842,2016,u,J,21.4,3.27,Tympanocryptis lineata
AA24520,Googong,-35.44850062,149.2234983,2018,,SA,41.5,3.76,Tympanocryptis lineata
AA24521,Googong,-35.44422052,149.2383946,2018,,A,75.5,5.74,Tympanocryptis lineata
AA24522,Googong,-35.45361051,149.2361865,2018,,SA,39.2,3.78,Tympanocryptis lineata
AA24471,Gundaroo,-35.32077719,149.3359408,2016,u,A,48.7,6.27,Tympanocryptis lineata
AA24570,Googong,-35.45141359,149.2435107,2020,M,A,78.8,5.33,Tympanocryptis lineata
AA24139,Gundaroo,-35.32396905,149.3390336,2007,F,A,51.9,5.3,Tympanocryptis lineata
AA24140,Tuggeranong,-35.43760082,149.0289212,2007,J,J,30.1,2.65,Tympanocryptis lineata
AA24234,Tuggeranong,-35.43748791,149.053823,2009,F,A,80.2,5.93,Tympanocryptis lineata
AA24571,Googong,-35.43457569,149.2276157,2020,M,A,58.2,5.65,Tympanocryptis lineata
AA24472,Gundaroo,-35.31517839,149.3499469,2016,u,SA,46.1,3.84,Tympanocryptis lineata
AA24473,Tuggeranong,-35.43025632,149.0555236,2016,M,A,64.9,5.43,Tympanocryptis lineata
AA24474,Gundaroo,-35.3355719,149.338667,2016,u,J,35.7,3.1,Tympanocryptis lineata
AA24045,Tuggeranong,-35.44391725,149.0452651,2006,F,A,61.1,5.75,Tympanocryptis lineata
AA24523,Googong,-35.4329842,149.2402635,2018,,SA,45.4,4.64,Tympanocryptis lineata
AA24572,Googong,-35.43313123,149.2397637,2020,F,A,54.8,4.98,Tympanocryptis lineata
AA24573,Googong,-35.43145712,149.2665916,2020,M,A,67.4,5.62,Tympanocryptis lineata
AA24280,Gundaroo,-35.32336209,149.3401299,2010,NA,J,34.8,3.1,Tympanocryptis lineata
AA24141,Tuggeranong,-35.44782815,149.0399247,2007,F,A,84.3,5.33,Tympanocryptis lineata
AA24182,Tuggeranong,-35.46044215,149.0451382,2008,J,J,37.2,3.28,Tympanocryptis lineata
AA24524,Googong,-35.43572281,149.234726,2018,,SA,43,3.59,Tympanocryptis lineata
AA24475,Gundaroo,-35.33755452,149.347731,2016,M,A,53.8,5.3,Tympanocryptis lineata
AA24281,Tuggeranong,-35.44645553,149.0624063,2010,J,,NA,NA,Tympanocryptis lineata
AA24476,Tuggeranong,-35.43967442,149.0424728,2016,M,SA,42,3.58,Tympanocryptis lineata
AA24525,Googong,-35.4391299,149.2442787,2018,,J,33.7,4.29,Tympanocryptis lineata
AA24526,Googong,-35.437741,149.2222326,2018,,SA,47.8,3.66,Tympanocryptis lineata
AA24046,Tuggeranong,-35.44229324,149.0483213,2006,M,A,72.2,5.45,Tympanocryptis lineata
AA24477,Gundaroo,-35.33707136,149.3303388,2016,M,A,65.4,5.42,Tympanocryptis lineata
AA24142,Gundaroo,-35.31890745,149.3420026,2007,F?,SA,46.6,4.14,Tympanocryptis lineata
AA24282,Gundaroo,-35.34131372,149.314736,2010,NA,J,25.4,2.04,Tympanocryptis lineata
AA24235,Tuggeranong,-35.42387308,149.055723,2009,J,J,20.6,2.5,Tympanocryptis lineata
AA24236,Tuggeranong,-35.41882344,149.0555578,2009,M,A,80,4.83,Tympanocryptis lineata
AA24047,Tuggeranong,-35.44339065,149.0210288,2006,M,A,68.8,5.78,Tympanocryptis lineata
AA24478,Gundaroo,-35.33356067,149.3372593,2016,u,J,36.1,2.56,Tympanocryptis lineata
AA24237,Gundaroo,-35.33366466,149.319398,2009,F,A,77.3,6.15,Tympanocryptis lineata
AA24479,Tuggeranong,-35.43833691,149.0528137,2016,F,A,72,5.56,Tympanocryptis lineata
AA24527,Googong,-35.45025675,149.2286797,2018,,A,71.2,5.66,Tympanocryptis lineata
AA24528,Googong,-35.43891152,149.2365767,2018,,A,77.6,5.86,Tympanocryptis lineata
AA24480,Gundaroo,-35.32284571,149.3359543,2016,u,J,30.2,2.9,Tympanocryptis lineata
AA24048,Tuggeranong,-35.44118864,149.0368092,2006,M?,A,80,5.25,Tympanocryptis lineata
AA24143,Gundaroo,-35.33958542,149.3498056,2007,F,A,54.8,5.82,Tympanocryptis lineata
AA24183,Gundaroo,-35.32357693,149.3342875,2008,NA,J,21.4,3.24,Tympanocryptis lineata
AA24283,Gundaroo,-35.33005202,149.3416068,2010,NA,J,32.4,3.13,Tympanocryptis lineata
AA24184,Tuggeranong,-35.44465845,149.0523019,2008,F,SA,44,4.45,Tympanocryptis lineata
AA24049,Tuggeranong,-35.45427457,149.0609575,2006,M,SA,38.6,3.46,Tympanocryptis lineata
AA24297,Tuggeranong,-35.44184483,149.0467372,2012,F,,NA,NA,Tympanocryptis lineata
AA24291,Tuggeranong,-35.42731715,149.0670204,2011,M,,NA,NA,Tympanocryptis lineata
AA24529,Googong,-35.42646929,149.2192075,2018,M,SA,42.5,4.46,Tympanocryptis lineata
AA24050,Tuggeranong,-35.45137093,149.0317421,2006,M,SA,46.6,4.13,Tympanocryptis lineata
AA24051,Tuggeranong,-35.4338506,149.0357062,2006,NA,A,75.3,4.62,Tympanocryptis lineata
AA24574,Googong,-35.4423621,149.2219876,2020,F,A,75.9,6.14,Tympanocryptis lineata
AA24144,Gundaroo,-35.32250715,149.3213906,2007,F,A,62.1,6.18,Tympanocryptis lineata
AA24145,Gundaroo,-35.33734277,149.345082,2007,NA,J,29.1,3.07,Tympanocryptis lineata
AA24146,Tuggeranong,-35.43920472,149.03996,2007,J,J,28.6,3.59,Tympanocryptis lineata
AA24238,Tuggeranong,-35.41543984,149.0336246,2009,M,A,83.7,5.35,Tympanocryptis lineata
AA24530,Googong,-35.45990132,149.2646696,2018,M,SA,41.9,4.14,Tympanocryptis lineata
AA24239,Tuggeranong,-35.44389042,149.0398591,2009,J,,NA,NA,Tympanocryptis lineata
AA24481,Gundaroo,-35.33447087,149.3377445,2016,M,A,75.4,4.92,Tympanocryptis lineata
AA24531,Googong,-35.43900913,149.2275599,2018,,A,74.4,5.94,Tympanocryptis lineata
AA24052,Tuggeranong,-35.42025026,149.0520785,2006,M?,A,68.3,4.89,Tympanocryptis lineata
AA24053,Tuggeranong,-35.44334643,149.0571785,2006,F,A,51.9,5.52,Tympanocryptis lineata
AA24054,Tuggeranong,-35.44817576,149.0584527,2006,F,A,83.2,6.01,Tympanocryptis lineata
AA24147,Tuggeranong,-35.45181431,149.0562373,2007,J,J,33.4,3.42,Tympanocryptis lineata
AA24240,Tuggeranong,-35.43447426,149.0292275,2009,J,J,22.6,3.08,Tympanocryptis lineata
AA24148,Tuggeranong,-35.43708358,149.0554014,2007,J,J,20.1,2.83,Tympanocryptis lineata
AA24241,Tuggeranong,-35.44340623,149.050552,2009,J,J,25.1,3.58,Tympanocryptis lineata
AA24482,Gundaroo,-35.34537299,149.3470116,2016,F,A,84,5.66,Tympanocryptis lineata
AA24483,Gundaroo,-35.34376068,149.3234572,2016,U,J,33.2,2.3,Tympanocryptis lineata
AA24582,Googong,-35.44148253,149.2291962,2021,NA,J,35.5,3.11,Tympanocryptis lineata
AA24583,Googong,-35.44999806,149.2265219,2021,NA,SA,42.9,4.75,Tympanocryptis lineata
AA24484,Royalla,-35.51548233,149.1811307,2016,U,NA,NA,NA,Tympanocryptis lineata
AA24485,Royalla,-35.49560423,149.1800677,2016,U,NA,NA,NA,Tympanocryptis lineata
AA24486,Gundaroo,-35.3283107,149.3398266,2016,u,J,26.5,2.98,Tympanocryptis lineata
AA24584,Googong,-35.44214092,149.2258703,2021,M,SA,46.3,3.83,Tympanocryptis lineata
AA24585,Googong,-35.46237195,149.2285439,2021,U,J,26.2,2.74,Tympanocryptis lineata
AA24586,Royalla,-35.50516821,149.1889144,2021,U,A,81.6,5.53,Tympanocryptis lineata
AA24487,Royalla,-35.51036796,149.183864,2016,U,NA,NA,NA,Tympanocryptis lineata
AA24488,Royalla,-35.50778357,149.1776226,2016,U,NA,NA,NA,Tympanocryptis lineata
AA24489,Royalla,-35.48165258,149.1769175,2016,U,J,33.6,2.04,Tympanocryptis lineata
AA24587,Googong,-35.44655123,149.2436394,2021,F,A,53.2,5.07,Tympanocryptis lineata
AA24588,Googong,-35.44046,149.2297676,2021,U,J,27.7,3.48,Tympanocryptis lineata
AA24490,Royalla,-35.51874387,149.1891201,2016,U,SA,45.1,4.83,Tympanocryptis lineata
AA24589,Googong,-35.44646911,149.2132829,2021,M,A,72.1,5.11,Tympanocryptis lineata
AA24590,Googong,-35.43473592,149.2477885,2021,U,J,23.6,3.19,Tympanocryptis lineata
AA24491,Royalla,-35.50281431,149.1994535,2016,U,NA,NA,NA,Tympanocryptis lineata
AA24492,Royalla,-35.51645002,149.194081,2016,U,NA,NA,NA,Tympanocryptis lineata
AA24532,Gundaroo,-35.32866353,149.3372083,2018,U,J,30,3.43,Tympanocryptis lineata
AA24591,Googong,-35.43669494,149.2262813,2021,M,A,77.9,5.59,Tympanocryptis lineata
AA24493,Royalla,-35.4897002,149.1834647,2016,U,NA,NA,NA,Tympanocryptis lineata
AA24494,Gundaroo,-35.33075678,149.3476206,2016,U,J,27.6,3.03,Tympanocryptis lineata
AA24495,Royalla,-35.49692528,149.1863987,2016,U,NA,NA,NA,Tympanocryptis lineata
AA24575,Royalla,-35.49666444,149.1889816,2020,M,A,75.7,5.6,Tympanocryptis lineata
AA24592,Googong,-35.43575623,149.2232703,2021,NA,A,61.4,5.32,Tympanocryptis lineata
AA24496,Gundaroo,-35.33811551,149.3309867,2016,u,SA,38.8,3.9,Tympanocryptis lineata
AA24497,Royalla,-35.52723985,149.1775413,2016,U,NA,NA,NA,Tympanocryptis lineata
AA24593,Googong,-35.43816484,149.2341474,2021,NA,J,24.1,3.11,Tympanocryptis lineata
AA24594,Googong,-35.44922239,149.2258233,2021,NA,A,63.3,4.64,Tympanocryptis lineata
AA24498,Gundaroo,-35.33452441,149.3313992,2016,U,J,29.7,2.95,Tympanocryptis lineata
AA24499,Royalla,-35.50544998,149.1836763,2016,U,NA,NA,NA,Tympanocryptis lineata
AA24595,Googong,-35.43248367,149.230544,2021,M,A,58.3,5.72,Tympanocryptis lineata
AA24596,Googong,-35.44714613,149.2335941,2021,F,A,68.9,4.93,Tympanocryptis lineata
AA24500,Royalla,-35.49365458,149.1643532,2016,U,NA,NA,NA,Tympanocryptis lineata
AA24055,Tuggeranong,-35.43529678,149.0351992,2006,U,J,25.7,2.01,Tympanocryptis lineata
AA24185,Tuggeranong,-35.43405889,149.0454056,2008,U,J,25.4,3.77,Tympanocryptis lineata
AA24242,Tuggeranong,-35.43520681,149.0375699,2009,M,NA,NA,NA,Tympanocryptis lineata
AA24149,Royalla,-35.49483689,149.183861,2007,M?,NA,NA,NA,Tympanocryptis lineata
AA24056,Tuggeranong,-35.4517807,149.0400908,2006,U,J,23.2,3.4,Tympanocryptis lineata
AA24057,Tuggeranong,-35.43245666,149.0438435,2006,U,J,34.4,2.49,Tympanocryptis lineata
AA24058,Tuggeranong,-35.43975714,149.0421374,2006,NA,J,29.9,3.2,Tympanocryptis lineata
AA24059,Tuggeranong,-35.45285113,149.0397948,2006,NA,J,28.7,2.6,Tympanocryptis lineata
AA24060,Tuggeranong,-35.46741434,149.0510942,2006,F?,SA,41.4,3.19,Tympanocryptis lineata
AA24505,Gundaroo,-35.32185821,149.3222357,2017,F,A,74.7,5.53,Tympanocryptis lineata
AA24533,Googong,-35.44633522,149.213515,2018,U,J,31,3.45,Tympanocryptis lineata
AA24576,Gundaroo,-35.31863763,149.3492674,2020,M,A,80.1,5.12,Tympanocryptis lineata
AA24061,Tuggeranong,-35.43004916,149.0579493,2006,U,J,24.3,1.95,Tympanocryptis lineata
AA24186,Tuggeranong,-35.45894889,149.0320527,2008,U,J,26.6,2.23,Tympanocryptis lineata
AA24243,Tuggeranong,-35.45662628,149.042423,2009,U,J,31.7,2.84,Tympanocryptis lineata
AA24244,Royalla,-35.50575842,149.1843571,2009,U,J,35.1,2.96,Tympanocryptis lineata
AA24062,Tuggeranong,-35.43228314,149.0555956,2006,U,J,33.6,2.14,Tympanocryptis lineata
AA24063,Tuggeranong,-35.44005514,149.0533733,2006,U,J,36.8,2.55,Tympanocryptis lineata
AA24064,Tuggeranong,-35.42258887,149.0354564,2006,NA,A,80.7,5.62,Tympanocryptis lineata
AA24065,Tuggeranong,-35.43442259,149.0316692,2006,NA,J,30.7,2.99,Tympanocryptis lineata
AA24066,Tuggeranong,-35.45315816,149.0484112,2006,NA,SA,38.9,3.89,Tympanocryptis lineata
AA24506,Gundaroo,-35.32297388,149.3191135,2017,U,J,33.9,3.29,Tympanocryptis lineata
AA24534,Googong,-35.42848705,149.2285323,2018,U,J,27.9,3.46,Tympanocryptis lineata
AA24597,Googong,-35.43217576,149.2161271,2021,NA,J,35.1,1.79,Tympanocryptis lineata
AA24067,Tuggeranong,-35.45306687,149.0510816,2006,U,J,27.2,3.19,Tympanocryptis lineata
AA24245,Royalla,-35.48861116,149.1842772,2009,U,J,37.8,3.53,Tympanocryptis lineata
AA24246,Royalla,-35.50585584,149.1896026,2009,M,NA,NA,NA,Tympanocryptis lineata
AA24247,Royalla,-35.51404581,149.1735503,2009,U,J,22.6,2.6,Tympanocryptis lineata
AA24068,Tuggeranong,-35.45152031,149.0441487,2006,U,A,78.9,6.25,Tympanocryptis lineata
AA24069,Tuggeranong,-35.44682497,149.0535335,2006,U,SA,46.7,4.39,Tympanocryptis lineata
AA24070,Tuggeranong,-35.42642731,149.0615799,2006,NA,J,35.4,4.63,Tympanocryptis lineata
AA24071,Tuggeranong,-35.43290068,149.040016,2006,NA,J,30.9,2.92,Tympanocryptis lineata
AA24072,Tuggeranong,-35.43748641,149.0284692,2006,F?,A,75.8,5.64,Tympanocryptis lineata
AA24535,Googong,-35.44006344,149.2304562,2018,U,SA,44.9,3.55,Tympanocryptis lineata
AA24536,Googong,-35.44375392,149.2462052,2018,U,SA,40.4,4.22,Tympanocryptis lineata
AA24073,Tuggeranong,-35.43535025,149.0516287,2006,U,J,20.8,3.26,Tympanocryptis lineata
AA24074,Tuggeranong,-35.45713481,149.0374111,2006,U,J,31.6,2.91,Tympanocryptis lineata
AA24248,Royalla,-35.49438864,149.181442,2009,U,J,27.3,3.45,Tympanocryptis lineata
AA24249,Royalla,-35.52493549,149.1832749,2009,F,NA,NA,NA,Tympanocryptis lineata
AA24250,Royalla,-35.50382203,149.1834115,2009,U,J,25.1,3,Tympanocryptis lineata
AA24075,Tuggeranong,-35.42895006,149.0400326,2006,U,J,20.1,2.23,Tympanocryptis lineata
AA24076,Tuggeranong,-35.45658026,149.0237932,2006,U,A,56.4,5.71,Tympanocryptis lineata
AA24077,Tuggeranong,-35.43233158,149.0428581,2006,NA,SA,47.7,4.9,Tympanocryptis lineata
AA24078,Tuggeranong,-35.4443145,149.0287845,2006,NA,J,34,3.44,Tympanocryptis lineata
AA24079,Tuggeranong,-35.43242726,149.0386154,2006,NA,SA,46.5,3.99,Tympanocryptis lineata
AA24537,Gundaroo,-35.32302155,149.3458835,2018,U,SA,44.8,4.1,Tympanocryptis lineata
AA24577,Gundaroo,-35.32461167,149.3370867,2020,F,A,65,6.13,Tympanocryptis lineata
AA24080,Tuggeranong,-35.4448245,149.029395,2006,U,J,24.5,3.12,Tympanocryptis lineata
AA24081,Tuggeranong,-35.43666125,149.056414,2006,U,J,23.1,3.3,Tympanocryptis lineata
AA24251,Tuggeranong,-35.42922266,149.0300812,2009,M,NA,NA,NA,Tympanocryptis lineata
AA24252,Royalla,-35.50304355,149.1799278,2009,M,NA,NA,NA,Tympanocryptis lineata
AA24253,Tuggeranong,-35.43726148,149.0400694,2009,U,J,36.3,3.04,Tympanocryptis lineata
AA24082,Tuggeranong,-35.45305744,149.0531695,2006,M?,A,64.8,6.09,Tympanocryptis lineata
AA24083,Tuggeranong,-35.44685813,149.0638673,2006,U,J,20.3,2.96,Tympanocryptis lineata
AA24084,Tuggeranong,-35.43032471,149.0494455,2006,NA,J,21.2,3.12,Tympanocryptis lineata
AA24085,Tuggeranong,-35.44552294,149.0391258,2006,F?,A,57,6.31,Tympanocryptis lineata
AA24086,Tuggeranong,-35.44689084,149.0558474,2006,NA,J,24.1,2.6,Tympanocryptis lineata
AA24538,Googong,-35.44080838,149.2302771,2018,U,SA,46.9,3.32,Tympanocryptis lineata
AA24578,Googong,-35.43318405,149.2332861,2020,M?,A,73.5,5.93,Tympanocryptis lineata
AA24087,Tuggeranong,-35.44927305,149.0621185,2006,U,J,31.6,2.9,Tympanocryptis lineata
AA24088,Tuggeranong,-35.45112726,149.0714728,2006,U,J,36.8,3.72,Tympanocryptis lineata
AA24254,Gundaroo,-35.32210518,149.3476905,2009,U,J,22.2,2.79,Tympanocryptis lineata
AA24255,Royalla,-35.49479162,149.1806521,2009,U,J,23.6,2.96,Tympanocryptis lineata
AA24256,Tuggeranong,-35.44515657,149.0457617,2009,U,J,22.5,2.4,Tympanocryptis lineata
AA24089,Tuggeranong,-35.43291786,149.0511761,2006,U,SA,44.2,4.8,Tympanocryptis lineata
AA24090,Tuggeranong,-35.44607157,149.0374438,2006,U,J,22.4,2.91,Tympanocryptis lineata
AA24091,Tuggeranong,-35.43859273,149.0461549,2006,NA,J,26.8,2.73,Tympanocryptis lineata
AA24092,Tuggeranong,-35.43805276,149.0337369,2006,M?,SA,43.8,4.4,Tympanocryptis lineata
AA24093,Tuggeranong,-35.44122245,149.0552295,2006,F?,A,55,5.5,Tympanocryptis lineata
AA24539,Googong,-35.44660929,149.2353206,2018,U,A,59.1,4.68,Tympanocryptis lineata
AA24579,Googong,-35.4300712,149.2231989,2020,,J,37.3,3.09,Tympanocryptis lineata
AA24094,Tuggeranong,-35.44834101,149.0504862,2006,U,J,21.7,2.9,Tympanocryptis lineata
AA24095,Tuggeranong,-35.45274934,149.0418801,2006,U,J,34.1,3.48,Tympanocryptis lineata
AA24257,Tuggeranong,-35.44301706,149.0366582,2009,U,J,27.2,3.38,Tympanocryptis lineata
AA24258,Royalla,-35.50380358,149.1919283,2009,U,J,21.5,2.4,Tympanocryptis lineata
AA24096,Tuggeranong,-35.44761915,149.045236,2006,U,A,70.9,5.02,Tympanocryptis lineata
AA24097,Tuggeranong,-35.45007855,149.0392762,2006,U,J,20.5,3.05,Tympanocryptis lineata
AA24098,Tuggeranong,-35.42827083,149.0380798,2006,NA,J,22.5,2.24,Tympanocryptis lineata
AA24099,Tuggeranong,-35.42922013,149.0532261,2006,NA,J,31.6,3.07,Tympanocryptis lineata
AA24100,Tuggeranong,-35.43749388,149.0334745,2006,F,J,33.6,2.66,Tympanocryptis lineata
AA24540,Googong,-35.44771287,149.2314739,2018,U,J,33.9,2.83,Tympanocryptis lineata
AA24580,Googong,-35.43614336,149.2545222,2020,F,A,64.5,5.02,Tympanocryptis lineata
AA24101,Tuggeranong,-35.45255515,149.054401,2006,U,J,35.6,4.06,Tympanocryptis lineata
AA24102,Tuggeranong,-35.4274173,149.0483569,2006,U,J,37.9,3.68,Tympanocryptis lineata
AA24259,Tuggeranong,-35.45390881,149.0522517,2009,U,J,31.4,3.42,Tympanocryptis lineata
AA24260,Royalla,-35.48683509,149.1934203,2009,F,NA,NA,NA,Tympanocryptis lineata
AA24103,Tuggeranong,-35.45907884,149.0288151,2006,U,A,65.9,5.68,Tympanocryptis lineata
AA24104,Tuggeranong,-35.43540755,149.045962,2006,U,J,26.2,2.43,Tympanocryptis lineata
AA24105,Tuggeranong,-35.44753995,149.0325895,2006,NA,J,24.6,3.3,Tympanocryptis lineata
AA24106,Tuggeranong,-35.42687842,149.0254425,2006,NA,J,31.3,3.39,Tympanocryptis lineata
AA24507,Tuggeranong,-35.4453002,149.0348388,2017,U,J,25.4,2.51,Tympanocryptis lineata
AA24541,Googong,-35.43888055,149.2206019,2018,U,J,29.7,2.21,Tympanocryptis lineata
AA24581,Googong,-35.44537554,149.2345475,2020,,A,76,5.68,Tympanocryptis lineata
AA24150,Tuggeranong,-35.45302081,149.0312051,2007,U,J,20.1,2.58,Tympanocryptis lineata
AA24107,Tuggeranong,-35.45315735,149.0449318,2006,NA,J,32.4,2.73,Tympanocryptis lineata
AA24598,Googong,-35.44549038,149.2403104,2022,NA,J,34,2.33,Tympanocryptis lineata
AA24542,Googong,-35.44063322,149.2276096,2018,NA,J,27.1,3.63,Tympanocryptis lineata
AA24543,Googong,-35.43189545,149.2430607,2018,NA,SA,41,3.42,Tympanocryptis lineata
AA24544,Googong,-35.43055653,149.2256309,2018,,SA,40.1,3.77,Tympanocryptis lineata
AA24599,Googong,-35.43029837,149.2354602,2022,,J,25.5,3.18,Tympanocryptis lineata
AA24545,Googong,-35.43242645,149.237128,2018,NA,J,37.4,3.24,Tympanocryptis lineata
AA24546,Royalla,-35.5041063,149.1865842,2018,U,SA,42,3.77,Tympanocryptis lineata
AA24600,Googong,-35.43355318,149.2347589,2022,F?,A,61.7,5.06,Tympanocryptis lineata
AA24547,Googong,-35.44364911,149.2279866,2018,NA,J,26.1,2.86,Tympanocryptis lineata
AA24548,Googong,-35.43594884,149.2456657,2018,NA,J,34.7,3.06,Tympanocryptis lineata
AA24601,Googong,-35.45006205,149.2391202,2022,M,J,37.9,3.28,Tympanocryptis lineata
AA24549,Googong,-35.4458442,149.2323026,2018,NA,J,20.2,2.8,Tympanocryptis lineata
AA24550,Googong,-35.44343771,149.2388774,2018,NA,J,34.6,3.44,Tympanocryptis lineata
AA24602,Googong,-35.42977374,149.2340538,2022,F?,A,83.3,5.56,Tympanocryptis lineata
AA24551,Googong,-35.41980085,149.2176327,2018,NA,J,33.6,3.04,Tympanocryptis lineata
AA24552,Googong,-35.43948933,149.2410299,2018,NA,J,32.4,2.79,Tympanocryptis lineata
AA24603,Googong,-35.4333568,149.2345887,2022,NA,J,24.6,2.61,Tympanocryptis lineata
AA24604,Googong,-35.42807386,149.2297473,2022,M,J,32.8,3.06,Tympanocryptis lineata
AA24553,Googong,-35.41021531,149.237316,2018,NA,SA,42,3.61,Tympanocryptis lineata
AA24554,Googong,-35.42807347,149.2367934,2018,NA,A,61.8,6.06,Tympanocryptis lineata
AA24605,Googong,-35.43669898,149.2343728,2022,M,J,32.1,3.89,Tympanocryptis lineata
AA24606,Gundaroo,-35.32579323,149.3691504,2022,,J,37.1,2.97,Tympanocryptis lineata
AA24555,Googong,-35.45466582,149.2398013,2018,NA,J,37.7,2.63,Tympanocryptis lineata
AA24607,Googong,-35.44175363,149.2337127,2022,F,A,56.3,5.27,Tympanocryptis lineata
AA24556,Googong,-35.46666403,149.2289336,2018,NA,SA,38.5,3.82,Tympanocryptis lineata
AA24557,Googong,-35.43838964,149.2317054,2018,NA,SA,40.5,3.81,Tympanocryptis lineata
AA24608,Googong,-35.43830095,149.2197807,2022,F?,SA,47.6,3.36,Tympanocryptis lineata
AA24609,Royalla,-35.50916498,149.1587574,2024,F,A,83.3,5.83,Tympanocryptis lineata
AA24610,Googong,-35.44893081,149.2168256,2024,F,SA,43.9,4.55,Tympanocryptis lineata
AA24611,Googong,-35.45123801,149.2221009,2024,M?,SA,39.8,4.27,Tympanocryptis lineata
AA24612,Royalla,-35.52170605,149.1786369,2024,U,J,24.9,3.04,Tympanocryptis lineata
AA24613,Royalla,-35.51820172,149.1708974,2024,U,SA,39.3,3.78,Tympanocryptis lineata
AA24614,Googong,-35.44792284,149.2385176,2024,M?,SA,41.4,4.75,Tympanocryptis lineata
AA24615,Googong,-35.43013793,149.2215301,2024,U,J,24.3,3.45,Tympanocryptis lineata
AA24616,Googong,-35.4440655,149.2482074,2024,M?,SA,40.2,4.71,Tympanocryptis lineata
